Card,NHẬN XỬ LÝ,Card Type,Loại hoàn tiền,Thể loại,Mã MCC,Phần trăm,Max mỗi tháng,Phí Thường Niên,Note
VCB Digi Debit ,,VISA,Cashback,Online,"7997, 5814",5%,300.000đ,,
VIB Platinum Debit ,,MASTER,Cashback,Online,,2%,400.000đ,,
Sacombank American Express® Debit,,AMEX,Cashback,"Các thanh toán vé máy bay, khách sạn, đại lý du lịch.",4511,8%,300.000đ,,
VPBank Prime Debit ,,VISA,Cashback,THANH TOÁN CHẠM TỐI THIỂU 3 GD,POS,3%,400.000đ,,PHẢI CHẠM MỚI HOÀN
SHB Visa Debit ,,VISA,Cashback,Ẩm thực ,5814,2%,300.000đ,,
VIETBANK DEBIT LUXURY ,,MASTER,Cashback,Ẩm thực,5814,2%,200.000₫,,
Woori Visa Z Debit ,,VISA,Cashback,Online,,2%,500.000đ,,
AB VISA PRIORITY,,VISA,Cashback,"Giao dịch hợp lệ để xác định hoàn tiền: là các giao dịch sử dụng thẻ tín dụng ABBANK để thanh toán hàng hóa, dịch vụ qua các thiết bị chấp nhận thẻ, qua các phương thức điện tử ",,5%,1.000.000đ,Vui lòng liên hệ trực tiếp với ABBank để biết chi tiết.,Hiệu lực từ ngày 21/06/2024
AB Visa Cashback,,VISA,Cashback,"Giao dịch hợp lệ để xác định hoàn tiền: là các giao dịch sử dụng thẻ tín dụng
ABBANK để thanh toán hàng hóa, dịch vụ",,5%,1.000.000đ,Vui lòng liên hệ trực tiếp với ABBank để biết chi tiết.,Khách hàng ưu tiên
,,,,,,2%,500.000đ,,Khách hàng không là khách hàng ưu tiên
AB Visa Travel,,VISA,Cashback,"Các chi tiêu du lịch, khách sạn","3000-
3301,4511,4722,7
011,3501-3836",5%,600.000đ,LH trực tiếp AB bank,"Hạn mức chi tiêu: Tối đa 300.000.000 VND/ngày, Lãi suất: 27%/năm"
BIDV Premier,,VISA,Điểm,Gym,7997,5%,"1,000,000 ₫",Free nếu là KHƯT,
BIDV Flex,,VISA,Điểm,Ẩm thực,5812-5262,2%,"400,000 ₫",,Trả lương 400. Không trả lương thì 300k
"TDQT JCB
Well-being",,JCB,ĐIỂM,Giao dịch tại lĩnh vực y tế ,"7298,8062,
8050,8099, 8021,8042, 8071",10%,"500,000 ₫",,"TIÊU TỪ 20T TRỞ LÊN, DƯỚI 20T 5% MAX 200K"
,,,,Giao dịch tại: Lĩnh vực bảo hiểm - Lĩnh vực thời trang ,"6300,5641, 5611,5621,
5651, 5691",6%,"500,000 ₫",,"TIÊU TỪ 20T TRỞ LÊN, DƯỚI 20T 3% MAX 200K"
"BIDV JCB
Ultimate",,JCB,Điểm,Ẩm thực tháng SN,5812,20%,"500,000 ₫","1,500,000 ₫","Tổng hoàn tiền 800.000 đ, nếu trả lương qua BIDV. Không thì 600.000 đ"
,,,,Ẩm thực tháng khác,,10%,,,
,,,,Ẩm thực POS tại Nhật,,15%,"800,000 ₫",,
,,,,Khác,,0.15%,,,
"BIDV
Cashback 360",,VISA,Điểm,Siêu thị,5411,10%,"300,000 ₫","1,000,000 ₫",Tổng gd siêu thị > 10tr
,,,,Siêu thị,,2%,,,Tổng gd siêu thị 5-10tr
,,,,Siêu thị,,0.50%,,,Tổng gd siêu thị < 5tr
,,,,Y tế,"7298,8062, 8050,8099, 8021,8042,8071",2%,"600,000 ₫",,"Tổng hoàn tiền 800.000 đ,nếu trả lương qua BIDV,Không thì 600.000 đ"
,,,,,,,,,
,,,,Giáo dục,"8244,8351,8220,
8211,8299,8249,8241",2%,,,
,,,,Ngoại tệ,,1%,,,
"BIDV
Cashback  Online",,VISA,Điểm,"Online tiki shopee lazada,tiktokShop",,6%,"600,000 ₫","Miễn phí thường niên năm tiếp
theo khi đạt doanh số chi tiêu từ 150 triệu đồng/năm.","Tổng hoàn tiền 800.000 đ, nếu trả lương qua BIDV. Không thì 600.000 đ"
,,,,Online khác,,3%,,Thẻ chính: 1.000.000 VND.,
,,,,Ngoại tệ,,2%,,,
,,,,Khác,,0.30%,,Thẻ phụ: 600.000 VND.,
"BVBank
Visa & JCB Ms",,VISA,Điểm,"Giao dịch tại Shopee, Tiki, Lazada",,10%,"300,000 ₫","299,000 ₫",Chỉ dành nữ
,,,,"Giao dịch tại Grab, Be và các cửa hàng
mỹ phẩm",,5%,,,
BVBank Visa inStyle,,VISA,Cashback,"Trung tâm mua sắm, cửa hàng miễn thuế","5611,5621,5631,
5641,5651,5661,
5681,5691,5698,5699,5311,5931,5309",3%,300.000đ,Miễn phí trọn đời.,"Hạn mức tín dụng:
Từ 50 triệu đồng trở lên."
,,,,Cho các giao dịch mua hàng khác,,0.2%,,,
"BVBank JCB
Sense",,JCB,Cashback,Nhà hàng,"5811, 5812, 5813,
5814",3%,"300,000 ₫",Miễn phí trọn đời.,
,,,,Các giao dịch mua hàng khác,,0.2%,,,
BVBank Visa Joy,,VISA,Cashback,Siêu thị,5411,2/1000,Không giới hạn,Miễn phí trọn đời.,"Thời gian CT 01/06/2023 đến
31/05/2024"
,,,,Cho các chi tiêu khác,,1/1000,,,
"BVBank VISA
Lifestyle",,VISA,Cashback,"Hàng không, khách sạn, du lịch",,5%,"600,000 ₫",Từ 599.000 VND đến 999.000 VND,Thời gian CT 01/06/2023 đến 31/05/2024
,,,,Nhà hàng,"5812, 5813, 5814",4%,,,
,,,,"Bệnh viện, trường học","8211, 8299,
8220,8011, 5912,
8062, 8398, 9399",3%,,,
"BVBank NAPAS
shopON",,NAPAS,Cashback,Các giao dịch thanh toán trực tuyến,,5.00%,"200,000 ₫","499,000 ₫",Không hoàn lazada mặc dù tốn phí thường niên
"BVBank JCB 7-
Eleven",,JCB,Điểm,Chi tiêu bằng thẻ,,4/1000đ,,Miễn phí trọn đời.,
"BVBank
JCB Link",,JCB,Điểm,Chi tiêu bằng thẻ,,1/1000đ,,Miễn phí trọn đời.,
"BVBank JCB
Cheer",,JCB,Điểm,Chi tiêu tại nhà hàng,"5812, 5813, 5814",2/1000đ,,Miễn phí trọn đời.,"Từ ngày 01/06/2024 đến khi
có thông báo mới"
,,,,Các chi tiêu khác,,1/1000đ,,,
"BVBank JCB
Discovery",,JCB,Điểm,Chi tiêu bằng thẻ,,6/1000đ,,"399,000 ₫",
"BAC A BANK
MasterCa rd
Cashback",,MASTER,Cashback,"Thương mại điện tử (Lazada, Shopee,
Tiki, Tiktok shop, Sendo)",,5%,500.000 VND,"Phí thường niên:
Thẻ chính: 700.000 VND/năm Thẻ phụ: 500.000 VND/năm",ONLINE VÉ VNA 4511 5%
,,,,"Khách sạn, Du lịch, Vận chuyển",5411,3%,300.000 VND,,
,,,,"Lĩnh vực khác (Y tế, Giáo dục, Dịch vụ
chăm sóc sức khỏe, Bảo hiểm)",,1%,100.000 VND,,
,,,,,,,,,
"CIMB
Visa",,VISA,Cashback,Ẩm thực,"5812,5813,5814",3%,300.000đ,"Phí thường niên năm đầu tiên: Miễn phí.
Phí thường niên từ năm thứ hai trở đi: Miễn phí khi tổng giá trị giao dịch tài chính năm liền trước đạt","Chi tiêu từ 20tr/ tháng, Từ 24/01/2025 đến 30/06/2025 hoặc đến khi hết ngân sách chương trình."
,,,,Vé máy bay,3079.4511,,,,
,,,,"Khách sạn, resort",3501-3838,,,,
,,,,Y tế,8062,1.5%,,,
,,,,Giáo Dục,"8211,8220,8299",,,,
,,,,Các ngành khác,,1%,K giới hạn,,
Eximbank,,VISA,Cashback,Bảo hiểm,6300,3%,"650,000 ₫","1,000,000 ₫",
,,,,Y tế,8062,8%,"300,000 ₫",,
,,,,Giáo dục,"8211, 8220, 8299",,,,
 Cash Back,,,,Siêu thị,5411-5499,5%,200.000₫,,
,,,,Nhà hàng,"5812, 5813",,,,
,,,,Di chuyển,"4789, 4121",3%,"100,000 ₫",,
,,,,Hoá đơn,4900,,,,
,,,,Rạp phim,7832,,,,
"Eximbank
 Violet",,VISA,Cashback,Giao dịch online,,10%,"300,000 ₫","400,000 ₫",Chỉ dành nữ
"Eximbank
Jcb- Ultimate",,JCB,Cashback,Chi tiêu online,,3%,"1,000,000 ₫",,
,,,,"Các giao dịch chi tiêu khác:
Nhật Bản: 10% số tiền giao dịch Nước ngoài: 5% số tiền giao dịch
Việt Nam: 5% cho các giao dịch chi tiêu
ăn uống","581,258,135,814",5%,,,
EximPriority,,VISA,Cashback,Trong nước,,3%,1.000.000đ,"Năm 1: Miễn Phí
Từ năm 2: 2,000,000 VNĐ",Hiệu lực từ 10/02/2025
,,,,Nước ngoài,,12%,,,
"HD
Priority VISA",,VISA,Cashback,Mua sắm hàng hóa,,15%,300.000đ,,
,,,,"Giao dịch chi tiêu khác như y tế, giáo
dục, bảo hiểm",,0.5%,500.000đ,,
"HD JCB
Ultimate",,JCB,Cashback,Các giao dịch chi tiêu tại Nhật Bản,,20%,500.000đ,Vui lòng liên hệ trực tiếp với HDBank để biết chi tiết.,Nhóm 1: Chi tiêu 50tr/ tháng trở lên
,,,,"Các giao dịch chi tiêu cho lĩnh vực
du lịch, khách sạn, resort",,15%,300.000đ,,
,,,,Các giao dịch chi tiêu tại nước ngoài,,6%,200.000đ,,
,,,,"Các giao chi tiêu còn lại tại POS
trên lãnh thổ Việt Nam",,4%,200.000đ,,
,,,,Các giao dịch chi tiêu tại Nhật Bản,,10%,250.000đ,,Nhóm 2: Chi tiêu dưới 50tr/ tháng
,,,,"Các giao dịch chi tiêu cho lĩnh vực
du lịch, khách sạn, resort","350,535,113,517",5%,150.000đ,,
,,,,Các giao dịch chi tiêu tại nước ngoài,,3%,100.000đ,,
,,,,"Các giao chi tiêu còn lại tại POS
trên lãnh thổ Việt Nam",,2%,100.000đ,,
HDBank Vietjet Platinum,,VISA,Cashback,Khi mua vé máy bay Vietjet Air,,5%,500.000đ,Miễn phí thường niên năm đầu thẻ chính và chủ thẻ phụ.,
,,,,"Chỉ áp dụng cho các giao dịch thanh toán mua hàng tại máy POS/EDM hoặc
giao dịch thanh toán online. Không áp dụng cho các giao dịch ứng/rút tiền mặt
và giao dịch thanh toán QRcode.",,0.30%,Không giới hạn,,
HDBank Petrolime x 4in1,,MASTER,Điểm,Giao dịch nội địa.,,1/100.000đ,,Miễn phí thường niên năm đầu,Tặng 500 điểm thưởng SkyJoy khi khách hàng có DSGD từ 10 đến dưới 20 triệu đồng/tháng.
,,,,Giao dịch quốc tế.,,2/100.000đ,,,
,,,,Giao dịch xăng dầu.,,3/100.000đ,300.000Đ,,
"HDBank
Best Friend",,MASTER,Điểm,Giao dịch nội địa,,1/100.000đ,,Miễn phí thường niên,
,,,,Giao dịch quốc tế,,5/100.000đ,,,
HDBank Visa Gold,,VISA,Điểm,Giao dịch nội địa,,1/100.000đ,,Hoàn phí thường niên năm đầu tiên dành cho Chủ thẻ phụ,Hạn mức từ 10 triệu đồng trở lên.
,,,,Giao dịch quốc tế,,5/100.000đ,,,
"HDBank
Visa Classic",,VISA,Điểm,Giao dịch nội địa,,1/100.000đ,,Hoàn phí thường niên năm đầu tiên dành cho Chủ thẻ phụ,
,,,,Giao dịch quốc tế,,5/100.000đ,,,
"HDBank Mastercar
d Gold",,MASTER,Điểm,Giao dịch nội địa,,1/100.000đ,,Hoàn phí thường niên năm đầu tiên dành cho Chủ thẻ phụ,
Home credit,,VISA,Điểm,"Tại siêu thị: Áp dụng khi mua sắm tại các siêu thị như Bách Hóa Xanh, Co.opmart,
Winmart, Big C,...",,10%,100.000 điểm,"Phí phát hành thẻ: Miễn phí. Phí thường niên:
Thẻ tín dụng Home Credit: Miễn phí thường niên trọn đời.
Thẻ tín dụng Bách Hóa Xanh:
200.000 VND/năm.
Phí quản lý thẻ tín dụng: 39.000 VND/tháng. Phí này được miễn khi khách hàng thực hiện từ 5 giao dịch hoặc tổng chi tiêu từ
3.000.000 VND trở lên trong tháng sao kê tương ứng.",
,,,,"Mua sắm trực tuyến: Khi mua sắm trên
các sàn thương mại điện tử như Shopee, Lazada, TikTok Shop, Tiki,...",,10%,100.000 điểm,,
,,,,Ăn uống cuối tuần: Khi chi tiêu tại các nhà hàng vào thứ Bảy và Chủ Nhật,5411,10%,100.000 điểm,,
"HSBC
Cash Back",,VISA,Cashback,Siêu thị và cửa hàng bách hóa,5411,6%,"200,000 ₫","800.000 VNĐ cho thẻ chính.
400.000 VNĐ cho thẻ phụ.
Lưu ý: Khách hàng nhận lương qua tài khoản HSBC sẽ được thêm 2% hoàn tiền cho chi tiêu tại siêu thị và cửa hàng bách hóa, nâng tổng mức hoàn tiền lên 8% trong danh mục này.",8211-1%-Không giới hạn
,,,,Giáo dục và chăm sóc sức khỏe,,1%,Không giới hạn,,
,,,,Các chi tiêu khác,,0.3%,Không giới hạn,,
"HSBC
Live+",,VISA,Cashback,Ăn uống và mua sắm,,8%,"200,000 ₫","800.000 VNĐ cho thẻ chính.
400.000 VNĐ cho thẻ phụ.",
,,,,Cho chi tiêu giải trí,,1%,Không giới hạn,,
,,,,các chi tiêu khác,,0.3%,Không giới hạn,,
Kienlong JCB,,JCB,Cashback,Trên tổng doanh số giao dịch hợp lệ,,10%,200.000đ,"Phí thường niên năm đầu tiên:Miễn phí.
Phí thường niên từ năm thứ hai trở đi: Miễn phí khi tổng giá trị giao dịch tài chính năm liền trước đạt tối thiểu 80 triệu VND.",Từ ngày 01/01/2025 đến 31/01/202
,,,,"Giao dịch chi tiêu, mua sắm bằng Thẻ tín dụng KBank tại Thái Lan",,15%,,,"Thời gian Chương trình sẽ bắt đầu từ ngày 01 tháng 01 năm 2025 đến ngày 30 tháng
06 năm 2025 (bao gồm cả hai ngày này) (“Thời gian
Chương trình”)"
KBank - Cashback  Plus,,VISA,Cashback,Hàng không & Vận tải hàng không,"3000 – 3308, 4511",10%,1.000.000đ,990.000đ,
,,,,Thuê xe,7512,,,,"Chi tiêu từ 15.000.000 VNĐ trở lên/kỳ sao kê → Hoàn tối
đa 1.000.000 VNĐ"
,,,,"Nhà nghỉ, Khách sạn, Nhà nghỉ, Khu nghỉ
dưỡng","3501 – 3839, 7011",,,,
,,,,"Vận tải hành khách, bao gồm phà và đường sắt",4111 – 4112,,,,"Chi tiêu dưới 15.000.000 VNĐ/kỳ sao kê → Hoàn tối
đa 300.000 VNĐ"
,,,,,,,,,
,,,,Taxi và Limousines,4121,,,,
,,,,Xe Buýt,4131,,,,"300.000 VNĐ sẽ đượchoàn
ngay vào kỳ sao kê"
,,,,"Dịch vụ chuyển phát nhanh - Hàng không
và Đường bộ, và Giao nhận vận tải",4215,,,,
,,,,Cho thuê tàu thuyền,4457,,,,
,,,,"Bến du thuyền, dịch vụ vận tải",4468,,,,
,,,,"Đại lý du lịch, Vận hành du dịch",4722,,,,"Phần còn lại (tối đa 700.000 VNĐ) sẽ được hoàn vào kỳ
sao kê T+2"
,,,,"Tiếp thị trực tiếp-Các dịch vụ liên quan
đến du lịch",5962,,,,
,,,,"Bãi xe, chỗ đễ xe và Ga-ra",7523,,,,
,,,,Phục vụ ăn uống,5811,,,,
,,,,Nhà Hàng,5812,,,,
,,,,Thức ăn nhanh,5814,,,,
Liobank,,MASTER,Cashback,1 tháng được chọn 2 danh mục hoàn tiền,,10%,"500,000 ₫",Miễn phí,
"LP JCB
Ultimate",,JCB,Cashback,Ẩ̉m thực,"5821,5813,5814",10%,800.000đ,"Phí thường niên thẻ chính:
1.499.000 VND/năm.
Phí thường niên thẻ phụ: Miễn phí. Ưu đãi phí thường niên:
Hoàn phí năm tiếp theo khi tổng chi tiêu năm trước đạt 240.000.000 VND.",
,,,,Nghĩ dưỡng,3501-3524,,,,
,,,,Y Tế,"4119,8011,8021 
8031,8041,8042,8043 ,8044,8049,80508062 ,
8071,8082 ,8099",15%,,,
,,,,Giáo dục,"8111 ,8211,8220,8241,8244,8249,8299",,,,
,,,,Bảo hiểm,"6300,6381,6399",,,,
,,,,"Mọi chi tiêu tại các đơn vị thuộc loại hình khác như: mua sắm online, siêu thị…",,0.5%,,,
MB Bank Master Hi ads,,MASTER,Cashback,Chi tiêu quảng cáo trong tháng,"7311, 5966, 5967,
5968,5969, 5817,5818",1%,100.000đ,Phí thường niên: 200.000 VND cho 5 năm đầu; hoàn phí khi chi tiêu đạt 30 triệu VND/năm.,Chi tiêu đạt 25 triệu VND
,,,,,,2%,300.000đ,,Chi tiêu đạt 80 triệu VND
,,,,,,1%,500.000đ,,Chi tiêu đạt 100 triệu VND
,,,,,,2.5%,2.500.000đ,,Chi tiêu từ 100 triệu VND trở lên
"MSB
Visa Signature",,VISA,Điểm,Ăn uống,"5811, 5812, 5813,
5814",10%,"1,000,000 ₫","1,499,000 ₫",Max 300k
,,,,Giáo dục,"8299, 8211, 8220,
8351",,,,Max 1 triệu
,,,,Y tế,"8062, 8099, 8011,
8021, 8042, 8071,
9399, 9211",,,,Max 300k
,,,,Bảo hiểm,"6300, 5960",,,,
"MSB
mDigi",,MASTER,Điểm,Ăn uống,"5812, 5813, 5814",20%,"300,000 ₫","399,000 ₫",Chọn danh mục chi tiêu
,,,,Du lịch,"4722, 7011",,,,
,,,,"Sản phẩm số (sách, nhạc, game…)",,,,,
"MSB
Online",,VISA,Điểm,Vé xem phim online,,,"300,000 ₫","299,000 ₫",
,,,,Online trang TMĐT,,10%,,,
"MSB
Family",,MASTER,Điểm,"Gym,Yoga, Fitness, Spa. Cửa hàng sách, báo, giáo dục. Khóa học kỹ năng, nghệ thuật, triển lãm, bảo tàng","7997, 7230,7298.
8299, 8211, 8220,
8351. 5942,5970,
5971,7991, 7333",30%,"900,000 ₫","899,000 ₫","Tổng chi tiêu từ 30 triệu hoàn
Max 900k"
,,,,,,20%,,,"Tổng chi tiêu từ 10 đến dưới
30 triệu hoàn Max 700k"
,,,,,,10%,,,"Tổng chi tiêu < 10 triệu hoàn
Max 500k"
,,,,"Siêu thị: Danh sách các siêu thị áp dụng: Big C, GO!, AEON, LOTTE Mart, MEGA
Market, WinMart, WinMart+, Co.opmart, Emart, Circle K, 7-Eleven, FamilyMart, FujiMart, Robins, SatraMart, Bách Hoá Xanh, Sakuko, Homefarm, Kohnan",5411,5%,,,"Tổng chi tiêu từ 30 triệu hoàn Max 900k
- Tổng chi tiêu từ 10 đến dưới 30 triệu hoàn Max 700k
- Tổng chi tiêu < 10 triệu hoàn Max 500k"
"MSB
Visa travel",,VISA,Cashback,"Nhà hàng, ăn uống tại nước ngoài","5812, 5813,5814",6%,600.000Đ,Phí thường niên:Thẻ chính: 599.000,10%
,,,,Khách sạn,7011,,,,
,,,,Hàng không,"4511, 4582, 3000,3298",,,,
,,,,"Phương tiện giao thông (Grab, Be, Taxi, GS","4121, 4131,4011,
4111, 4112,4789",,,,
,,,,Cửa hàng miễn thuế (Duty Free),5309,,,,
,,,,"Du lịch (Traveloka, Agoda, Booking.v",4722,,,,
"Nam a
Happy Digital",,MASTER,Phi vật lý,Cho chi tiêu trực tuyến tại nước ngoài,4900,10%,500.000đ,Miễn phí thường niên,
,,,,Cho chi tiêu trực tuyến trong nước,,2%,,,
Nam A Bank Visa Platinum,,VISA,,Giao dịch khác,," 0,5%",1.500.000 đ,,"Số tiền hoàn tối đa 1,500,000 VND/Kỳ BTBGD."
,,,,Giao dịch ngoại tệ ,"8211, 8220, 8241, 8249, 8299, 5047, 
5122, 5912, 8011, 8021, 8031, 8041, 
8042, 8043, 8049, 8050, 8062, 8071, 
8099.","2,5%",,,
,,,,"Giao dịch tại MCC thuộc nhóm ngành y 
tế, giáo dục:",,1%,,,
"OCB
MASTER CARD WORLD 2IN1",,MASTER,Dặm bay,"Vé Máy Bay, Sân Golf, Bảo Hiểm,
Các lĩnh vực khác",,10%,1.000.000 đ,999.000 VND,
,,,,,,,,,
,,,,Thanh toán bảo hiểm,,1%,,,
"OCB iGEN
MASTER",,MASTER,Cashback,Đơn Online,,10%,,999.000 VND,Thẻ chính: 999.000 VND. Miễn phí thường niên năm đầu tiên
OCB DOCTOR MASTER CARD PLATINU M,,MASTER,Cashback,Y Tế,,8.33%,500.000đ,Thẻ chính: 1.499.000 VND,
,,,,,,,,Thẻ phụ: 799.000 VND,
OCB MASTER CARD PLATINU M,,MASTER,Cashback,Giao dịch mua sắm công nghệ,,10%,1.500.000đ,Thẻ chính: 999.000 VND,
,,,,Giao dịch mua vé máy bay và ẩm thực,5812,5%,,Thẻ phụ: 499.000 VND,
,,,,Giao dịch thanh toán bảo hiểm.,,1%,,,
Sacom Visa Signature,,VISA,Dặm bay,"Hàng không (VietnamAirlines, Vietjet Air",,1/20.000đ,30.000 điểm,Thẻ chính: 1.499.000 VND/năm.,Đổi vé máy bay nhiều hãng
,,,,,,,,Thẻ phụ: Miễn phí.,"4.500 dặm thưởng bổ sung: Khi tổng chi tiêu đạt tối thiểu 100 triệu VND trong vòng 3 tháng đầu kể từ ngày kích
hoạt thẻ"
,,,,,,,,,
,,,,,,,,,
Sacom Visa Unig,,VISA,Cashback,Siêu thị,"T5411,5499,5722,9750",20%,"300,000 ₫","599,000 ₫",
,,,,Di chuyển,"412,159,694,789",,,,
,,,,Khác,,0.5,"300,000 ₫",,
Sacomba nk Platinum American Express®,,AMEX,Cashback,"GD thanh toán vé máy bay, khách
sạn, đại lý du lịch.",,20%,"1,000,000 ₫","599.000đ/năm đầu, năm 2 free",
,,,,"Cho các giao dịch nước ngoài tại máy
POS/mPOS.",,10%,,,
,,,,"Cho các giao dịch trực tuyến nước
ngoài.",,5%,,,
,,,,Cho các giao dịch khác.,,0.5%,,,
"Sacom JCB
Ultimate",,JCB,Cashback,"Chi tiêu ăn uống tại nước ngoài vào
cuối tuần.","5811,5812,5813,
5814,5462",15%,700.000đ,,Mở hạn mức to trên 100tr mới ra được
,,,,"Chi tiêu ăn uống trong nước vào cuối
tuần.",,10%,,,
,,,,"Chi tiêu ăn uống các ngày còn lại và
các chi tiêu khác.",,0.50%,,,
"Sacom VISA PLATINU M CASHBA
CK",,VISA,Cashback,Giao dịch trực tuyến trong và ngoài nước.,,5%,600.000đ,"599,000 ₫",
,,,,"Giao dịch tại thiết bị chấp nhận thẻ nước
ngoài.",,3%,,,
,,,,"Giao dịch khác và các giao dịch thanh
toán liên quan đến MCC hàng không",,0.50%,,,
Sacombank Tiki Platinum,,VISA,Cashback,Các giao dịch thanh toán tại website/app Tiki và Ticketbox,,10%,600.000đ,Hoàn 100% PTN năm đầu dành cho chủ thẻ mới đạt tổng mức chi tiêu tối thiểu 2.000.000 VND (cho phép cộng dồn) tại Tiki và/hoặc Ticketbox trong vòng 30 ngày kể từ ngày kích hoạt thẻ thành công.,0742-ONEFIN
,,,,Các giao dịch thanh toán online tại đơn vị chấp nhận thẻ khác (trừ Tiki và MCC đặc biệt),,3.0%,,"Hoàn 20% PTN các năm tiếp theo khi đạt doanh số tối thiểu
12.000.000 VND/năm trước đó.",
,,,,Cho các giao dịch thanh toán khác.,,0.5%,,,
SeABank SIGNATU RE,,Thẻ Đen,Điểm,"Lĩnh vực Y tế: Thuốc, Tá dược",5912,10%,"2,000,000 ₫","- Miễn phí thường niên năm đầu tiên
- Hoàn phí thường niên từ năm thứ 2 trở đi nếu tổng chi tiêu thanh toán của năm trước tối thiểu 250 triệu đồng/năm",Chủ thẻ sẽ được đổi điểm thưởng khi số điểm thưởng tích lũy đạt tối thiểu 50.000 điểm và số điểm thưởng tích lũy được đổi tối đa trong kỳ sao kê là: 2.000.000 điểm
,,,,"Lĩnh vực Spa/Massage: Chăm sóc sức
khỏe, làm đẹp/ Phòng Massage",7298,5%,,,
,,,,,7297,,,,
,,,,"Lĩnh vực Khách sạn/Nhà nghỉ: Nhànghỉ,
khách sạn, khu nghỉ mát",7011,3%,,,
,,,,,Từ 3501 đến 3838,,,,
,,,,"Lĩnh vực Dịch vụ ăn uống: Địa điểm ăn uống, nhà hàng/ Cửa hàng đồ uống",5812,1%,,,
,,,,,5813,,,,
SEABAN K VISA PLATINU M,,VISA,Điểm,POS nước ngoài bằng ngoại tệ,,6%,3.000.000đ,"Hoàn phí thường niên năm nhất cho Khách hàng thực hiện ít nhất 1 giao dịch thanh toán thành công và có tổng giá trị giao dịch thanh toán tối thiểu 1.000.000 VND/ ngoại tệ tương đương quy đổi ( không tính phí giao dịch, không tính giao dịch nạp thẻ điện thoại- topup/ giao dịch thanh toán hóa đơn- billing) trong vòng 30 ngày kể từ ngày thẻ được kích hoạt thành công trên hệ thống.
- Hoàn phí thường niên từ năm thứ 2 trở đi nếu tổng chi tiêu thanh toán của năm trước tối thiểu 150 triệu đồng/ năm",
,,,,Không giới hạn cho mọi giao dịch thanh toán khác,,0.3%,,,
SEABANK-EASY,,VISA,Điểm,"Thanh toán trực tuyến tại các thương hiệu lớn: SHOPEE, TIKI, ITUNES, AMAZON, ALIEXPRESS",,8%,600.000₫,"Hoàn phí thường niên năm nhất cho Khách hàng thực hiện ít nhất 2 giao dịch thanh toán thành công và có tổng giá trị giao dịch thanh toán tối thiểu
500.000 VND/ ngoại tệ tương đương quy đổi ( không tính phí giao dịch, không tính giao dịch nạp thẻ điện thoại- topup/ giao dịch thanh toán hóa đơn-billing)",
,,,,,,0.3%,,,
SEALAD Y CASHBA CK,,MASTER,Điểm,Hoàn tiền mọi giao dịch thanh toán với tỷ lệ tích lũy  đối với giao dịch bằng VND,,0.2%,Ko giới hạn,"Hoàn phí thường niên năm nhất cho Khách hàng thực hiện ít nhất 2 giao dịch thanh toán thành công và có tổng giá trị giao dịch thanh toán tối thiểu 500.000 VND/ ngoại tệ tương đương quy đổi ( không tính phí giao dịch, không tính giao dịch nạp thẻ điện thoại- topup/ giao dịch thanh toán hóa đơn- billing) trong vòng 30 ngày kể từ ngày thẻ được kích hoạt thành công trên hệ thống
- Hoàn phí thường niên từ năm thứ 2 trở đi nếu tổng chi tiêu thanh toán của năm trước tối thiểu 70 triệu đồng/ năm",
,,,,Đối với giao dịch ngoại tệ.,,0.4%,,,
,,,,"Nhân 5 lần điểm tích lũy cho các giao dịch vào các ngày đặc biệt: ngày 8/3, 20/10,
sinh nhật khách hàng",,1%,,,
,,,,Nhân 5 lần điểm tích lũy cho các giao dịch thanh toán thuộc những lĩnh vực phụ nữ yêu thích: Chăm sóc sức khỏe và làm đẹp,"72,986,300",1%,,,
,,,,,,,,,
SHB FCB,,MASTER,Cashback,Thể thao,7997,8%,600.000đ,,
"SHB
Mastercar d Cashback",,MASTER,Cashback,Giáo dục,"8299, 8220, 8241,8244, 8211,8249",10%,"1,000,000 ₫","- Miễn phí thường niên năm đầu
- Hoàn phí thường niên năm tiếp theo khi chủ thẻ đạt điều kiện doanh số chi tiêu theo quy định của SHB từng thời kỳ","Chi tiêu trên 30m hoàn max 1m, dưới 30m hoàn 5% max 600k"
,,,,Bảo hiểm,"5960, 6300",,,,
,,,,Y tế,"4119, 5047,
5122,8071,8099,5912, 5976,8011,8041, 8043,8050,8351,8021",,,,
,,,,Siêu thị,5411,,,,"Chi tiêu trên 30m hoàn max 600k, dưới 30m hoàn 5%
max 300k"
,,,,Các giao dịch chi tiêu khác.,,0.3%,,,
Shinhan Visa Cash Back,,VISA,Cashback,Cho chi tiêu ẩm thực vào cuối tuần,5814,5%,300.000đ,"Thẻ chính: 350.000 VNĐ/năm. Thẻ phụ: 250.000 VNĐ/năm.Điều kiện miễn phí thường niên từ năm thứ 2 trở đi: Chi tiêu trên thẻ trong năm trước đó đạt tối thiểu 35 triệu
VNĐ.",Với điều kiện tổng chi tiêu trong chu kỳ sao kê đạt tối thiểu 10 triệu VNĐ
"Shinhan 365
Cashback",,MASTER,Cashback,Siêu thị và cửa hàng thực phẩm.,5411,10%,"400,000 ₫","Thẻ chính: 1.100.000 VNĐ/năm. Thẻ phụ: 700.000 VNĐ/năm.
Ưu đãi: Miễn phí thường niên năm",CHỈ TIÊU TRÊN MÁY POS
,,,,Chi tiêu quốc tế bằng ngoại tệ,,3%,"200,000 ₫",,
,,,,Mọi chi tiêu,,0.40%,Không giới hạn,,
Shinhan HI-POINT,,VISA,Cashback,Ẩm thực,5814,2.00%,200.000đ,Max 600K/Kỳ,
,,,,Du lịch,4511,5.00%,400.000đ,,
,,,,Mọi chi tiêu,,0.3 %,Không giới hạn,,
Shinhan TIKI,,VISA,Cashback,Mọi chi tiêu,,3.0 %,"100,000 ₫","Phiếu giảm giá TRÊN TIKI
30.000,50.000,70.000,100.000,150.000",
Shinhan Travel,,VISA,Dặm bay,Mọi chi tiêu,,0.70%,Không giới hạn,,
"Standard Chartered
 Journey",,MASTER,Điểm,"Chi tiêu và quy đổi điểm thưởng du lịch để nhận quà tặng ăn uống, khách sạn & khu nghỉ dưỡng, dịch vụ sân bay và trải nghiệm cao cấp.",,3/25.000đ,,"Phí thường niên: 1.500.000 VND/năm.
Phí thường niên thẻ phụ:
1.000.000 VND/năm.",
"Standard Chartered
Simplycash",,MASTER,Cashback,Mọi chi tiêu,,1%,Không giới hạn,Thông tin chi tiết về phí thường niên có thể được cung cấp khi đăng ký thẻ.,
"Standard Chartered
Simplyca shworldmi les",,MASTER,Điểm,"Chi tiêu và quy đổi điểm thưởng du lịch để nhận quà tặng ăn uống, khách sạn & khu nghỉ dưỡng, dịch vụ sân bay và trải nghiệm cao cấp.",,3/25000đ,,1.499.000 VND/năm.,
Techcom bank Visa Signature,,VISA,Cashback,"Cho các giao dịch chi tiêu tại nhà hàng
1 Manwah
2 Crystal Jade
3 Isushi
4 Ashima
5 Hutong
6 Woomaster
7 Dim Tu Tac 8
Nhà hàng Le17 Bistro – Khách sạn Sofitel Saigon Plaza –
17 Lê Duẩn, Q1, HCM.
9
Nhà hàng Kumihimo Modern Restaurant and Bar
– Khách sạn JW
Marriot Hanoi – số 08 P. Đỗ Đức Dục, Nam Từ Liêm, Hà Nội",,10%,"5,000,000 ₫","1,499,000đ","Hoàn tiền lên đến 10% cho các giao dịch tại nhà hàng, khách sạn và du lịch, tối đa
5.000.000 VNĐ/tháng"
,,,,Khi chi tiêu lĩnh vực quảng cáo,,5%,,,"Tổng giá trị giao dịch từ
10,000,000 VND trở lên"
Techcom bank Spark,,,,Du lịch,"3000-3350,3501-
3999,4112,4411,4
511,4722,7011",80/1000đ,500.000 điểm,,
,,,,Thời trang,"5611,5621,5631,5
641,5651,5691",,,,
,,,,Giải trí,"7832,7922,7991,7
996",,,,
,,,,Nhà hàng,"5811, 5812, 5813,",20/1000đ,,,
,,,,Tiêu dùng online,"5311,5399,5964,5
965,5966,5967",,,,
,,,,Chi tiêu với giao dịch khác,,1/1000đ,,,
Techcom bank Style,,VISA,Điểm,Mua sắm trực tuyến quốc tế,,80/1000đ,500.000 điểm,Miễn phí thường niên khi đạt điều kiện chi tiêu (**),Max 250.000 điểm
,,,,Mua sắm trực tuyến nội địa,,30/1000đ,,,
,,,,Nhà hàng,"5811, 5812,5813",10/1000đ,,,
,,,,Lĩnh vực khác,,1/20.000đ,,,Max 250.000 điểm
Techcom bank everyday,,VISA,Điểm,Mua sắm trực tuyến quốc tế,,80/1000đ,500.000 điểm,Miễn phí thường niên khi đạt điều kiện chi tiêu (**),Max 250.000 điểm
,,,,Mua sắm trực tuyến nội địa,,30/1000đ,,,
,,,,Nhà hàng,"5811, 5812,5813",10/1000đ,,,
,,,,Lĩnh vực khác,,1/20.000đ,,,Max 250.000 điểm
TPBank EVO,,VISA,Cashback,Online,,10%,Gold - 500k Silver - 300k,Gold - 495k Silver - 285k,Tổng gd > 30tr
,,,,Online,,5%,,,Tổng gd 10-30tr
,,,,Online,,1%,,,Tổng gd < 10tr
TP World MasterCa rd - Golf Privé,,MASTER,Cashback,"Y tế, giáo dục (Bao
gồm cả giao dịch mua sắm hàng hóa, dịch vụ qua mạng Internet)","4119 5047  5912
8021  8031  8042
8062  8071 8099
8211  8220  8241
8244",8%,"3,000,000 VND",Phí thường niên:Thẻ chính: 1.499.0,"Tổng gd 150,000,000 VND
trở lên"
,,,,,,5%,2.000.000 VND,,Tổng GD từ 60 tr- 150 tr
,,,,,,1%,600.000 VND,,Tổng GD dưới 60tr
" TP Visa
Gold",,VISA,Cashback,Ẩm thực cuối tuần T7-CN,5812-5814,6%,600.000 VND,,
 TPBank Visa FreeGo,,VISA,Điểm,Tất cả các giao dịch trực tuyến: Tích điểm,,5%,Tối đa 15.000 điểm thưởng,"Phí thường niên thẻ chính và thẻ phụ:
Hạn mức dưới 10 triệu VND:
159.000 VND/năm
Hạn mức từ 10 đến 50 triệu VND:
219.000 VND/năm
Hạn mức trên 50 triệu VND:
299.000 VND/năm","từ 25/03/2021 đến khi có Thể lệ thay thể, sửa đổi bổ sung từ TPBank"
" TP JCB
CashBac k",,JCB,Cashback,Ẩm thực,5812-5814,10%,1TR,"Phí thường niên thẻ chính:
825.000 VND/năm
Phí thường niên thẻ phụ: 395.000",GD từ 100tr trở lên
,,,,,,6%,800K,,GD từ 60tr-100tr
,,,,,,1%,600K,,GD dưới 60tr
TP Visa Signature,,VISA,Cashback,Các dịch vụ liên quan đến khách sạn và lưu trú,3501 - 3750,8%,5TR,"Phí thường niên thẻ chính:
3.000.000 VND/năm",GD từ 150tr trở lên
,,,,,,5%,3TR,,GD 60tr-150tr
,,,,,,1%,600K,,GD dưới 60tr
"UOB
Travel Card",,MASTER,Dặm bay,"Chi tiêu tại nước ngoài, mua vé máy bay hoặc tại cửa hàng miễn thuế.",,2/25.000đ,,Vui lòng liên hệ trực tiếp với UOB để biết chi tiết,
"UOB
Tích điểm",,MASTER,Điểm,"Chi tiêu mua sắm, ăn uống, giải trí.",,5/1000đ,,,"Tặng thêm 60.000 Điểm
Thưởng vào các dịp đặc biệt"
"UOB
Lazada",,MASTER,Điểm,Khi chi tiêu tại Lazada,,10/1000đ,25.000 Điểm,,"Chi tiêu đạt từ 10.000.000 VND trở lên trong một kỳ sao
kê"
,,,,Khi chi tiêu cho thời trang và du lịch,,5/1000đ,,,
"UOB
Cash Back",,MASTER,Cashback,Dịch vụ vận tải đường bộ,"4121, 4789",1000%,"600,000 ₫",Thẻ chính: 1.200.000 VND. Thẻ phụ: 1.200.000 VND.,Tổng số tiền hoàn tối đa bạn có thể nhận được từ các danh mục trên là 700.000 VND mỗi kỳ sao kê
,,,,"Các dịch vụ thanh toán định kỳ như Apple Music, Spotify","4899, 5815, 5816,
5817, 5818, 5968",5%,,,
,,,,Bảo hiểm,"5960, 6300",3%,,,
,,,,Mua sắm,"5094, 5137, 5139,
5611, 5621, 5631,
5641, 5651, 5655,
5661, 5681, 5691,
5697, 5698, 5699,
5941, 5944, 5948,
5949, 7251, 7296,
7631, 5311",2%,,,
,,,,Các giao dịch khác,,0.35,Không giới hạn,,
,,,,"Tại chuỗi cửa hàng tiện lợi Circle K và7-
Eleven:",,20%,,,Áp dụng theo từng thời kỳ
Vietbank mastercar d-credit- lifecare,,MASTER,Cashback,Tại bệnh viện Quốc tế CIH,,10%,không giới hạn,"Ưu đãi phí thường niên: Năm đầu tiên:
Tặng gói khám sức khỏe và tầm soát ung thư trị giá 2.900.000 VND tại Bệnh viện Quốc tế CIH khi kích hoạt thẻ và chi tiêu từ
3.000.000 VND trong vòng 30 ngày kể từ ngày phát hành thẻ. Khách hàng có thể lựa chọn hoàn phí thường niên thay cho gói khám sức khỏe.
Các năm tiếp theo:
Tặng gói khám sức khỏe khi tổng chi tiêu năm trước đạt 90.000.000 VND.","Năm đầu: Tặng gói khám khi kích hoạt thẻ và phát sinh chi tiêu 3.000.000 đồng trong 30 ngày kể từ ngày phát hành thẻ. (KH có thể chuyển sang ưu đãi hoàn phí thường niên trong trường hợp không nhận gói khám)
Các năm tiếp theo: Tặng gói khám các năm tiếp theo khi tổng chi tiêu năm liền kề trước đạt 90 triệu đồng"
,,,,"Tại bệnh viện và lĩnh vực chăm sóc sức
khỏe còn lại",,5%,300.000đ,,
,,,,"Tại Lĩnh vực bảo hiểm (áp dụng với giao
dịch đầu tiên trong năm)",,3%,,,
,,,,Tại Lĩnh vực ẩm thực,,1%,,,
Vietbank MASTER CARD LUXURY,,MASTER,Cashback,Mua vé máy bay,,3%,200.000đ,Miễn phí thường niên trọn đời,Ưu đãi lên đến 50% tại hệ thống đối tác liên kết của Vietbank và Mastercard
,,,,Ẩm thực,,2%,,,
Viet bank MASTER CARD CREDIT HAPPY |,,MASTER,Cashback,Tại Nhà sách và cửa hàng đồ chơi,,10%,200.000đ,,
,,,,"Tại các trung tâm Anh Ngữ, đào tạo kỹ năng: VUS, ILA, APOLLO; Anh ngữ Thần đồng, Kumon, Mathmasium",,5%,,"Hoàn phí thường niên năm tiếp theo cho chủ thẻ chính: Khi tổng doanh số chi tiêu trong năm liền kề trước đạt từ
70.000.000 đồng","Hạn mức tín dụng: Từ
5.000.000 đồng đến 500.000.000 đồng Lãi suất thẻ: 2.3%/tháng"
,,,,"Tại các cửa hàng Mẹ và bé: Con Cưng, Bibomart; KidPlaza; Shop trẻ thơ",,3%,,Miễn phí phát hành và phí thường niên thẻ phụ cho thành viên trong gia đình,
,,,,"Tại chuỗi siêu thị: Co.op; Big C. Top, GO, Aeon Mall, Lotte, Mega Market",,1%,,,
Vietbank mastercar d-mystyle,,MASTER,Cashback,Rạp chiếu phim,,3%,100.000đ,,
,,,,Mua sắm thời trang,,2%,,,
,,,,Trang thương mại điện tử,,1%,,,
"Vietcomb ank Visa
Platinum",,VISA,Cashback,Mọi giao dịch chi tiêu,,0.5%,"800,000 ₫","800.000 VNĐ/năm cho thẻ chính;
500.000 VNĐ/năm cho thẻ phụ",
Vietcomb ank Cashplus Platinum American Express,,AMEX,Cashback,Cho mọi giao dịch chi tiêu,,0.8%,Không giới hạn,"800.000 VNĐ/năm cho thẻ chính;
500.000 VNĐ/năm cho thẻ phụ",
"Vietcomb ank Mastercar
d World",,MASTER,Cashback,Du lịch ở nước ngoài,"4722, 3501 - 3999,",5%,Không giới hạn,"800.000 VNĐ/năm cho thẻ chính;
500.000 VNĐ/năm cho thẻ phụ",
,,,,Ăn uống ở nước ngoài,"5462, 5811,
5812, 5813, 5814",,,,
,,,,Các giao dịch chi tiêu khác.,,0.5%,,,
Vietcomb ank Visa Signature (Priority),,VISA,Cashback,"Các chi tiêu y tế, giáo dục","8211, 8220,8241,8249, 8299,5047,5122, 5912,8011,8021, 8031,8041,8042, 8043,8049,8050, 8062,8071,8099",10%,300.000đ,3 triệu VND/thẻ/năm. Miễn phí thường niên cho Khách hàng Ưu tiên của Vietcombank,
,,,,Các giao dịch chi tiêu khác.,,0.5%,Không giới hạn,,
Vietcom Vibe Platinum,,VISA,Điểm,"Chi tiêu cho các giao dịch du lịch, lưu trú và","4722
7011, 3501,
3503, 3509, 3512,
3520, 3530, 3535,
3543,
3579, 3604, 3640,
3641, 3642, 3730,
3751, 7012
Bảo hiểm: 5960,
6300",10/1000đ,500.000 điểm,Vui lòng liên hệ trực tiếp với Vietcombank để biết chi tiết.,"Tính đến ngày 17/02/2025, thẻ tín dụng quốc tế Vietcombank Vibe Platinum không áp dụng chương trình hoàn tiền trực tiếp. Thay vào đó, chủ thẻ được tham gia chương trình tích điểm VCB Rewards"
,,,,Chi tiêu tại nước ngoài.,,3/1000đ,Không giới hạn,,
,,,,Chi tiêu trong nước,,2/1000đ,,,
Vietcom American Express,,AMEX,Cashback,Đối với thẻ hạng xanh,,0.60%,Không giới hạn,"Hạng Vàng:
Thẻ chính: 400.000 VND/năm Thẻ phụ: 200.000 VND/năm Hạng Xanh:
Thẻ chính: 200.000 VND/năm Thẻ phụ: 100.000 VND/năm","(Áp dụng từ kỳ sao kê tháng 11/2024).chương trình hoàn tiền áp dụng cho các giao dịch thanh toán hàng hóa, dịch vụ tại các đơn vị chấp nhận thẻ (POS, Internet, ứng dụng di động)
phục vụ nhu cầu tiêu dùng cá nhân."
,,,,Đối với thẻ hạng vàng,,0.80%,,,
Vietcom JCB Platinum,,JCB,Cashback,Siêu thị và cửa hàng tạp hóa.,5411,5%,300.000đ,Thẻ chính: 800.000 VND/năm Thẻ phụ: 500.000 VND/năm,
,,,,Cửa hàng thực phẩm chuyên biệt.,5499,,,,
,,,,Nhà hàng và quán ăn.,5812,,,Miễn phí thường niên năm đầu cho 01 thẻ phụ,
,,,,Quán ăn nhanh,5814,,,,
,,,,Các giao dịch chi tiêu khác,,0.20%,600.000đ,,
"VietinBan k Mastercar
d",,MASTER,Cashback,Siêu thị,5411,6%,"500,000 ₫","Phí thường niên thẻ chính:
900.000 VND/năm
Phí thường niên thẻ phụ: 450.000 VND/năm",
,,,,Bảo hiểm,6300,6%,,,
,,,,Chi tiêu trực tuyến,,3%,,,
,,,,Các giao dịch chi tiêu  khác,,0.3%,Không giới hạn,,
Viettin JCB SAVIY,,JCB,Cashback,"Lĩnh vực ẩm thực
(Nhà hàng  ăn uống)",5812,15%,1.000.000đ,"Phí thường niên thẻ chính:
899.000 VND/năm
Phí thường niên thẻ phụ: 899.000 VND/năm",Chi tiêu >15tr/ tháng
,,,,Lĩnh vực thời trang,5691,15%,,,
,,,,Lĩnh vực thời trang,5691,5%,,,
,,,,"Lĩnh vực ẩm thực
(cửa hàng ăn nhanh)",5814,10%,300.000đ,,
,,,,"Lĩnh vực ẩm thực
(Nhà hàng  ăn uống)",5812,10%,500.000đ,,Chi tiêu <15tr/ tháng
,,,,Lĩnh vực thời trang,5691,10%,,,
,,,,Lĩnh vực ẩm thực (Nhà hàng  ăn uống),5812,5%,,,
,,,,Lĩnh vực thời trang,5691,5%,,,
,,,,"Lĩnh vực ẩm thực
(cửa hàng ăn nhanh)",5814,5%,200.000đ,,
VietinBan k Visa Signature,,VISA,Cashback,Golf,7992,5%,500.000Đ,"Phí thường niên thẻ chính:
4.999.000 VND/năm
Phí thường niên thẻ phụ:
4.999.000 VND/năm",
,,,,"Nghỉ dưỡng, khách sạn","3501 đến 3999,
7011, 7012",10%,500.000Đ,,
,,,,"Khi chi tiêu mua sắm tại sàn thương
mại điện tử Sendo (*)",,0.50%,Không giới hạn,,
"Vietin MasterCa rd credit Platinum
Sendo",,MASTER,Cashback,Khi chi tiêu mua sắm tại sàn thương mại điện tử Sendo (*),,10%,1.000.000đ,"Phí thường niên thẻ chính:
399.000 VND/năm
Phí thường niên thẻ phụ: 199.000 VND/năm",(Dừng ưu đãi từ ngày 01/10/2024)
VIB AMEX,,AMEX,Điểm,Ẩm thực,"5814, 5813, 5812,
5811",10%,"1,000,000 ₫","999,000 ₫",Max 500k
,,,,Du lịch,"7011, 3998, 3838,
3837, 3836, 3835,
3834, 3833, 3832,
3831, 3830, 3829,
3828, 3827, 3826,
3825, 3824, 3823,
3822, 3821, 3820,
3819, 3818, 3817,
3816, 3815, 3814,
3813, 3812, 3811,
3810, 3809, 3808,
3807, 3806, 3805,
3804, 3803, 3802,
3801, 3800, 3799,
3798, 3797, 3796,
3795, 3794, 3793,
3792, 3791, 3790,
3789, 3788, 3787,
3786, 3785, 3784,
3783, 3782, 3781,
3780, 3779, 3778,
3777, 3776, 3775,
3774, 3773, 3772,
3771, 3770, 3769,
3768, 3767, 3766,
3765, 3764, 3763,
3762, 3761, 3760,
3759, 3758, 3757,
3756, 3755, 3754,
3753, 3752, 3751,
3750, 3749, 3748,",,,,Max 500k
,,,,Mua sắm,"7296, 7251, 5999,
5998, 5997, 5996,
5995, 5994, 5993,
5992, 5977, 5950,
5949, 5948, 5947,
5946, 5945, 5944,
5943, 5942, 5941,
5940, 5937, 5935,
5933, 5699, 5698,
5697, 5691, 5681,
5661, 5655, 5651,
5641, 5631, 5621,
5611, 5331, 5311,
5310, 5309, 5301,
5300, 5298, 5296,
5262, 5200, 5193,
5192, 5139, 5137,
5131, 5111, 5099,
5094, 5021, 0046",,,,Max 500k
,,,,Ẩm thực/Du lịch/Mua sắm,5814,,,,Max 500k
,,,,Giao dịch online,"Các Giao dịch chi tiêu được thực hiện bằng phương thức trực tuyến (không áp dụng cho MCC 6300 và MCC
7399)",5%,,,Max 500k
,,,,Giao dịch nước ngoài,"Các giao dịch tại các Đơn vị chấp nhận thẻ (ĐVCNT) ngoài lãnh thổ Việt Nam và thực hiện bằng
ngoại tệ",15%,,,Max 500k
"VIB
Family Link",,VISA,Điểm,Sinh nhật con,,Tặng 100000 điểm,"1,000,000 ₫","899,000 ₫",Thẻ mở trước 27/04/2024
,,,,"Sinh nhật, valentine và ngày cưới",,20-30-40 / 1000đ,,,
,,,,Giải trí cho trẻ,"5815, 5816,7829,
7832, 7841,7911,
7922, 7929,7932,
7933, 7941,7991,
7992, 7993,7994,
7996, 7997,7998,7999",20/1000đ,,,
,,,,Y tế,"5047, 5122,5975,5976, 8011,8021,8031, 8041,8042,8043, 8049,8050,8062, 8071,8099,8351.",20 / 1000đ,,,
,,,,Giáo dục,"8211, 8220,8241,
8244, 8249,8299",,,,
,,,,Ăn uống cuối tuần,"5811, 5812, 5813,5814",,,,
,,,,Khác,,1 / 1000đ,,,
,,,,Y tế/Giáo dục/Bảo hiểm,"5047, 5122,5975,5976, 8011,8021,8031, 8041,8042,8043, 8049,8050,8062, 8071,8099,8351, 7230/8211,8220, 8241,8244,
8249, 8299/6300",Mỗi mục hoàn max 500k,,,"Thẻ mở từ 27/04/2024 hoặc trước ngày 27/04/2024 và có đăng ký Danh mục chi tiêu. Tổng chi tiêu kỳ trước (loại trừ ngành gas/điện, nước MCC 4900, dịch vụ viễn thông MCC 4814) và các giao dịch chi tiêu trên app MyVIB:"
,,,,,,5%,,,Tổng chi tiêu <= 50 triệu
,,,,,,8%,,,"Tổng chi tiêu > 50 triệu và <
100 triệu"
,,,,,,10%,,,Tổng chi tiêu > 100 triệu
"VIB
Cashback",,MASTER,Điểm,Khác,,0.1%,Không giới hạn,"899,000 ₫",
,,,,Ăn uống,"5811, 5812,5813,5814",5-10%,800-2tr,,"Tổng chi tiêu kỳ trước (loại trừ ngành gas/điện, nước MCC 4900, dịch vụ viễn thông MCC 4814) và các giao dịch chi tiêu trên app MyVIB:
< 50tr: 5% max 800k
Từ 50-100tr: 8% max 1tr
> 100tr: 10% max 2tr"
,,,,Giải trí,"5815, 5816,
7829,7832,78417911, 7922,7929,7932, 7933,7941,7991, 7992,7993,7994, 7996,7997,
7998, 7999",,,,
,,,,Ads,"5966, 5967,5968,
5969, 7311",,,,
"VIB
Online Plus 2in1",,MASTER,Cashback,Online nước ngoài,,50/1000đ,600.000 điểm,"599,000 ₫",CT Từ 01/02/2025
,,,,Online trong nước,,30/1000đ,,,
,,,,Khác,,1/1000đ,,,
"VIB
Lazada",,VISA,Điểm,Online nước ngoài,,60/1000đ,600.000 điểm,Thẻ chính: 599.000đ Thẻ phụ: 299.000đ,
,,,,Online trong nước,,30/1000đ,,,
,,,,Khác,,1/1000đ,Không giới hạn,,
"VIB
Travel Élite",,MASTER,Dặm bay,POS tại nước ngoài,,1/20000đ,Không giới hạn,Thẻ chính 499k/năm -899k/năm,"- 1 dặm = 250 VNĐ
- Phí gd nước ngoài: 0% 3 kỳ đầu, còn lại 1%
- Tặng 4 lượt phòng chờ /năm CT đến 5/3/2025"
,,,,Khác,,1/50000đ,,,Từ 6/3/2025
"VIB
Rewards Unlimited",,MASTER,Điểm,POS Trung tâm mua sắm và Cửa hàng miễn thuế,"5611, 5621, 5631,
5641, 5651, 5681,
5691, 5698, 5699,
0010, 1417, 1444,
1457, 1471, 1472,
1473, 1479, 1480,
1487, 1498, 2433,
5311, 5314, 5956,
5959, 5931, 5309",10/1000đ,Không giới hạn,"499,000 ₫",Nhân 2 tổng điểm thưởng cho tổng chi tiêu từ 10 triệu đồng/kỳ
,,,,POS Siêu thị,5411,5/1000đ,,,
,,,,Khác,,1/1000đ,,,
"VIB
Premier Boundles",,MASTER,Dặm bay,Chi tiêu tại Vietnam Airlines,,1/15000đ,Không giới hạn,1299000đ,
,,,,POS tại nước ngoài,,1/25000đ,,,
,,,,Khác,,1/30000đ,,,
VIB Ivy Card,,VISA,Điểm,Giao dịch chi tiêu,,0.50%,500.000 điểm,,Phải lớn hơn hoặc bằng (≥) Số tiền thanh toán tối thiểu và nhỏ hơn hoặc bằng (≤) Dư nợ cuối kỳ theo Bảng saokê
,,,,Thanh toán dư nợ,,0.50%,,,
VIB Bill Pay,,MASTER,Cashback,E-voucher tt hóa đơn - 1,,10%,"200,000 ₫","599,000 ₫",E-voucher momo
,,,,E-voucher tt hóa đơn - 2,,10%,"100,000 ₫",,
,,,,E-voucher tt khác - 2,,5%,"50,000 ₫",,
VPBank Lady MasterCa rd,,MASTER,Cashback,Bảo hiểm trực tuyến,"6300, 5960",15%,"300,000 ₫","499,000 ₫",Tổng doanh số từ 15 triệu/kỳ
,,,,Giáo dục,"8211, 8220,8244,
8249, 8299,8241",15%,"200,000 ₫",,
,,,,Y tế,"8021, 8042,8043,8062, 8071,8099,5912",10%,"300,000 ₫",,
,,,,Siêu thị,5411,5%,"200,000 ₫",,
,,,,Bảo hiểm trực tuyến,6300,7.50%,"150,000 ₫",,Tổng doanh số dưới 15 triệu/kỳ
,,,,Giáo dục,"8211,8220,82448
249,8299,8241",7.50%,"100,000 ₫",,
,,,,Chăm sóc sắc đẹp,"7230, 7297, 7298,
5977",5%,"150,000 ₫",,
,,,,Siêu thị,5411,2.50%,"100,000 ₫",,
VPBank StepUp,,MASTER,Cashback,Các chi tiêu trực tuyến,,15%,"1,500,000 ₫","499,000 ₫","Tổng doanh số giao dịch từ
100 triệu/kỳ sao kê trở lên"
,,,,Các chi tiêu ăn uống,"5812, 5813, 5814",4%,"200,000 ₫",,
,,,,"Giao dịch online ( Ngoài BH, Shopee)",,15%,"700,000 ₫",,"Tổng doanh số từ 10 triệuđến
100 triệu/kỳ sao kê"
,,,,Ăn uống,"5812, 5813, 5814",4%,"200,000 ₫",,
,,,,"Giao dịch online ( Ngoài BH, Shopee)",,6%,"300,000 ₫",,"Tổng doanh số dưới 10
triệu/kỳ"
,,,,Ăn uống,"5812, 5813, 5814",2%,"100,000 ₫",,
VPBank Z JCB,,JCB,Điểm,Ăn uống,"5812, 5813, 5814",10%,"200,000 ₫","399,000 ₫",Tổng doanh số từ 4 triệu/kỳ
,,,,"Giải trí, Fitness : Citi Gym; Amie Spa, Tiamo Spa, Sorella Beauty Spa, Sen Spa",,,,,
,,,,"Gọi xe, Đặt đồ ăn",,10%,"100,000 ₫",,
VPBank Flex,,MASTER,Cashback,Ăn uống,"5812, 5813, 5814",15%,"1,000,000 ₫","Năm đầu tiên: Miễn phí khi phát sinh từ 3 giao dịch, mỗi giao dịch từ 300.000 VND trong 30 ngày
đầu.Các năm tiếp theo: Miễn phí","Tổng doanh số chi tiêu tối thiểu để đủ điều kiện nhận hoàn tiền là 2.000.000
VND/kỳ sao kê."
,,,,Dịch vụ du lịch và lữ hành,4722,,,,
,,,,Thể thao,"7997,5941,7992",,,,
,,,,"Thời trang, mỹ phẩm, nước hoa",5977,,,,
VPBank Diamond World,,Thẻ Đen,Cashback,Ăn uống,"5812, 5813, 5814",10%,"1,000,000 ₫",Free,Tổng doanh số từ 30 triệu/kỳ
,,,,Thời trang,"5611, 5621,5631,5641, 5651,5655,
5661, 5691,5699",10%,,,
,,,,Siêu thị,5411,5%,,,
,,,,Khác,,0.30%,Không giới hạn,,
,,,,Ăn uống,"5812, 5813, 5814",5%,"1,000,000 ₫",,Tổng doanh số dưới 30 triệu/kỳ
,,,,Thời trang,"5611, 5621, 5631,
5641, 5651, 5655,
5661, 5691, 5699",5%,,,
,,,,Siêu thị,5411,3%,,,
"VP
Platium Cashback",,MASTER,Cashback,"Các giao dịch thanh toán hàng hóa, dịch vụ phục vụ mục đích tiêu dùng cá nhân hợp pháp.",,1.5%,1.000.000đ,"Thẻ chính: 899.000 VNĐ/năm
Miễn phí năm đầu tiên nếu tổng chi tiêu đạt 10 triệu VNĐ trong 30 ngày đầu kể từ ngày kích hoạt thẻ. Miễn phí từ năm thứ 2 nếu tổng chi tiêu năm trước đạt 200 triệu VNĐ.
Thẻ phụ:
Miễn phí năm đầu cho thẻ phụ đầu tiên.
Các thẻ phụ tiếp theo: 250.000 VNĐ/năm.",Cho tổng chi tiêu từ 120 triệu VND trở lên trong mỗi kỳ sao kê.
,,,,,,1%,,,Chi tiêu từ 90 triệu VND đến dưới 120 triệu VND trong mỗi kỳ sao kê.
,,,,,,0.5%,,,"Chi tiêu từ 30 triệu VND đến dưới 90 triệu VND trong mỗi
kỳ sao kê."
,,,,,,0.3%,,,"Cho tổng chi tiêu từ 0 đến dưới 30 triệu VND trong mỗi
kỳ sao kê."
VP Cake Freedom,,VISA,Cashback,Ăn uống,5812-5814,20%,"200,000 ₫","399,000 ₫","Tối đa 50k/giao dịch, 1tr/ kỳ sao kê"
,,,,Đi lại,4121,,,,
,,,,Tiki,5262,,,,
,,,,Siêu thị/ MỖI NGÀY 1 LỆNH,5411,,,,
,,,,Cửa hàng tiện lợi,5499,,,,
,,,,Thời trang,5611,,,,
"VP
Shopee Platinum",,VISA,Cashback,Chi tiêu tại Shopee và ShopeeFood,,10%,400.000đ,299.000 VNĐ,
,,,,"Giao dịch ăn uống, siêu thị (Co.op, BigC,
Lottemart, Vinmart), Grab/Be.",,2%,200.000₫,,
,,,,Tất cả giao dịch còn lại,,0.3%,Không giới hạn,,
Woori Visa Platinum VV Lux Point,,VISA,Điểm,Hàng không/Airlines,4511,5.0%,300.000đ,HOÀN THEO NGÀY GIAO DỊCH,
,,,,"Mua sắm/ Shopping 
",5499,5.0%,300.000đ,,
,,,,Giáo dục/ Education ,"8211, 6300",10.0%,300.000đ,,
,,,,"Dịch vụ ăn uống/F&B
",5814,10.0%,300.000đ,CHỈ TÍNH POS,
PVcomBank Shopping,,MASTER,Điểm,Online,5411-5499,3%,600.000đ,HOÀN THEO THÁNG,ONLINE 5411
PVcomBank Travel,,MASTER,Điểm,Ẩm thực cuối tuần T7-CN,5814,8%,600.000đ,,POS
PVcomBank Cashback,,MASTER,Điểm,Giáo dục,8211,3%,600.000đ,,ALEPAY
